{ 
  "variables" : {
      "region" : "us-west-1",
      "source_ami" : "ami-0dd655843c87b6930"
  },
  "builders" : [
      {
        "type" : "amazon-ebs",
        "profile" : "default",
        "region" : "{{user `region`}}",
        "instance_type" : "t2.micro",
        "source_ami" : "{{user `source_ami`}}",
        "ssh_username" : "ubuntu",
        "ami_name" : "devops_tomcat-{{timestamp}}",
        "ami_description" : "Amazon Linux Image with Tomcat",
        "run_tags" : {
        "Name" : "devops_tomcat"
        },
        "tags" : {
            "Tool" : "Packer",
            "Name" : "devops_tomcat",
            "Author" : "ochoa"
        }
      }
  ],
  "provisioners": [
    {
      "type": "shell",
      "script": "./install.sh"
    }
  ]
}

